--
-- Custom GUIDs
-- `GUID` [5330300,5330508]
SET @GUID:=5330300
-- `ENTRY` [47850,47870]
SET @ENTRY:=47850 -- pool_template

-- Only spawn Frozen Rune in Naxx40
UPDATE `gameobject` SET `spawnMask` = 4 WHERE `id` = 181287;

DELETE FROM `pool_gameobject` WHERE `guid` IN
(@GUID+000, @GUID+001, @GUID+002, @GUID+003, @GUID+004, @GUID+005, @GUID+006, @GUID+007, @GUID+010, @GUID+011,
@GUID+012, @GUID+013, @GUID+014, @GUID+015, @GUID+016, @GUID+020, @GUID+021, @GUID+022, @GUID+023, @GUID+024,
@GUID+025, @GUID+026, @GUID+030, @GUID+031, @GUID+032, @GUID+033, @GUID+034, @GUID+035, @GUID+036, @GUID+040,
@GUID+041, @GUID+042, @GUID+043, @GUID+044, @GUID+045, @GUID+046, @GUID+050, @GUID+051, @GUID+052, @GUID+053,
@GUID+054, @GUID+055, @GUID+060, @GUID+061, @GUID+062, @GUID+063, @GUID+064, @GUID+065, @GUID+066, @GUID+067,
@GUID+070, @GUID+071, @GUID+072, @GUID+073, @GUID+074, @GUID+075, @GUID+076, @GUID+080, @GUID+081, @GUID+082,
@GUID+083, @GUID+084, @GUID+085, @GUID+090, @GUID+091, @GUID+092, @GUID+093, @GUID+094, @GUID+095, @GUID+096,
@GUID+100, @GUID+101, @GUID+102, @GUID+103, @GUID+104, @GUID+110, @GUID+111, @GUID+112, @GUID+113, @GUID+114,
@GUID+115, @GUID+116, @GUID+120, @GUID+121, @GUID+122, @GUID+123, @GUID+124, @GUID+125, @GUID+126, @GUID+127,
@GUID+128, @GUID+129, @GUID+130, @GUID+131, @GUID+132, @GUID+140, @GUID+141, @GUID+142, @GUID+143, @GUID+144,
@GUID+145, @GUID+146, @GUID+147, @GUID+150, @GUID+151, @GUID+152, @GUID+153, @GUID+154, @GUID+155, @GUID+156,
@GUID+157, @GUID+160, @GUID+161, @GUID+162, @GUID+163, @GUID+164, @GUID+165, @GUID+170, @GUID+171, @GUID+172,
@GUID+173, @GUID+174, @GUID+175, @GUID+176, @GUID+177, @GUID+180, @GUID+181, @GUID+182, @GUID+183, @GUID+184,
@GUID+185, @GUID+186, @GUID+187, @GUID+190, @GUID+191, @GUID+192, @GUID+193, @GUID+194, @GUID+195, @GUID+196,
@GUID+200, @GUID+201, @GUID+202, @GUID+203, @GUID+204, @GUID+205, @GUID+206, @GUID+207, @GUID+208);

INSERT INTO `pool_gameobject` (`guid`, `pool_entry`, `chance`, `description`) VALUES
(@GUID+034, 47853, 0.0, 'Naxxramas - Frozen Rune - Spider Wing, left (181287)'),
(@GUID+033, 47853, 0.0, 'Naxxramas - Frozen Rune - Spider Wing, left (181287)'),
(@GUID+032, 47853, 0.0, 'Naxxramas - Frozen Rune - Spider Wing, left (181287)'),
(@GUID+031, 47853, 0.0, 'Naxxramas - Frozen Rune - Spider Wing, left (181287)'),
(@GUID+030, 47853, 0.0, 'Naxxramas - Frozen Rune - Spider Wing, left (181287)'),
(@GUID+026, 47852, 0.0, 'Naxxramas - Frozen Rune - Maexxna (181287)'),
(@GUID+025, 47852, 0.0, 'Naxxramas - Frozen Rune - Maexxna (181287)'),
(@GUID+024, 47852, 0.0, 'Naxxramas - Frozen Rune - Maexxna (181287)'),
(@GUID+023, 47852, 0.0, 'Naxxramas - Frozen Rune - Maexxna (181287)'),
(@GUID+022, 47852, 0.0, 'Naxxramas - Frozen Rune - Maexxna (181287)'),
(@GUID+021, 47852, 0.0, 'Naxxramas - Frozen Rune - Maexxna (181287)'),
(@GUID+020, 47852, 0.0, 'Naxxramas - Frozen Rune - Maexxna (181287)'),
(@GUID+016, 47851, 0.0, 'Naxxramas - Frozen Rune - Grand Widow Faerlina (181287)'),
(@GUID+015, 47851, 0.0, 'Naxxramas - Frozen Rune - Grand Widow Faerlina (181287)'),
(@GUID+014, 47851, 0.0, 'Naxxramas - Frozen Rune - Grand Widow Faerlina (181287)'),
(@GUID+013, 47851, 0.0, 'Naxxramas - Frozen Rune - Grand Widow Faerlina (181287)'),
(@GUID+012, 47851, 0.0, 'Naxxramas - Frozen Rune - Grand Widow Faerlina (181287)'),
(@GUID+011, 47851, 0.0, 'Naxxramas - Frozen Rune - Grand Widow Faerlina (181287)'),
(@GUID+010, 47851, 0.0, 'Naxxramas - Frozen Rune - Grand Widow Faerlina (181287)'),
(@GUID+007, 47850, 0.0, 'Naxxramas - Frozen Rune - Anub''Rekhan (181287)'),
(@GUID+006, 47850, 0.0, 'Naxxramas - Frozen Rune - Anub''Rekhan (181287)'),
(@GUID+005, 47850, 0.0, 'Naxxramas - Frozen Rune - Anub''Rekhan (181287)'),
(@GUID+004, 47850, 0.0, 'Naxxramas - Frozen Rune - Anub''Rekhan (181287)'),
(@GUID+003, 47850, 0.0, 'Naxxramas - Frozen Rune - Anub''Rekhan (181287)'),
(@GUID+002, 47850, 0.0, 'Naxxramas - Frozen Rune - Anub''Rekhan (181287)'),
(@GUID+001, 47850, 0.0, 'Naxxramas - Frozen Rune - Anub''Rekhan (181287)'),
(@GUID+000, 47850, 0.0, 'Naxxramas - Frozen Rune - Anub''Rekhan (181287)'),
(@GUID+035, 47853, 0.0, 'Naxxramas - Frozen Rune - Spider Wing, left (181287)'),
(@GUID+036, 47853, 0.0, 'Naxxramas - Frozen Rune - Spider Wing, left (181287)'),
(@GUID+040, 47854, 0.0, 'Naxxramas - Frozen Rune - Spider Wing, right (181287)'),
(@GUID+041, 47854, 0.0, 'Naxxramas - Frozen Rune - Spider Wing, right (181287)'),
(@GUID+042, 47854, 0.0, 'Naxxramas - Frozen Rune - Spider Wing, right (181287)'),
(@GUID+043, 47854, 0.0, 'Naxxramas - Frozen Rune - Spider Wing, right (181287)'),
(@GUID+044, 47854, 0.0, 'Naxxramas - Frozen Rune - Spider Wing, right (181287)'),
(@GUID+045, 47854, 0.0, 'Naxxramas - Frozen Rune - Spider Wing, right (181287)'),
(@GUID+046, 47854, 0.0, 'Naxxramas - Frozen Rune - Spider Wing, right (181287)'),
(@GUID+050, 47855, 0.0, 'Naxxramas - Frozen Rune - Noth the Plaguebringer (181287)'),
(@GUID+051, 47855, 0.0, 'Naxxramas - Frozen Rune - Noth the Plaguebringer (181287)'),
(@GUID+052, 47855, 0.0, 'Naxxramas - Frozen Rune - Noth the Plaguebringer (181287)'),
(@GUID+053, 47855, 0.0, 'Naxxramas - Frozen Rune - Noth the Plaguebringer (181287)'),
(@GUID+054, 47855, 0.0, 'Naxxramas - Frozen Rune - Noth the Plaguebringer (181287)'),
(@GUID+055, 47855, 0.0, 'Naxxramas - Frozen Rune - Noth the Plaguebringer (181287)'),
(@GUID+060, 47856, 0.0, 'Naxxramas - Frozen Rune - Heigan (181287)'),
(@GUID+061, 47856, 0.0, 'Naxxramas - Frozen Rune - Heigan (181287)'),
(@GUID+062, 47856, 0.0, 'Naxxramas - Frozen Rune - Heigan (181287)'),
(@GUID+063, 47856, 0.0, 'Naxxramas - Frozen Rune - Heigan (181287)'),
(@GUID+064, 47856, 0.0, 'Naxxramas - Frozen Rune - Heigan (181287)'),
(@GUID+065, 47856, 0.0, 'Naxxramas - Frozen Rune - Heigan (181287)'),
(@GUID+066, 47856, 0.0, 'Naxxramas - Frozen Rune - Heigan (181287)'),
(@GUID+067, 47856, 0.0, 'Naxxramas - Frozen Rune - Heigan (181287)'),
(@GUID+070, 47857, 0.0, 'Naxxramas - Frozen Rune - Loatheb (181287)'),
(@GUID+071, 47857, 0.0, 'Naxxramas - Frozen Rune - Loatheb (181287)'),
(@GUID+072, 47857, 0.0, 'Naxxramas - Frozen Rune - Loatheb (181287)'),
(@GUID+073, 47857, 0.0, 'Naxxramas - Frozen Rune - Loatheb (181287)'),
(@GUID+074, 47857, 0.0, 'Naxxramas - Frozen Rune - Loatheb (181287)'),
(@GUID+075, 47857, 0.0, 'Naxxramas - Frozen Rune - Loatheb (181287)'),
(@GUID+076, 47857, 0.0, 'Naxxramas - Frozen Rune - Loatheb (181287)'),
(@GUID+080, 47858, 0.0, 'Naxxramas - Frozen Rune - Plague Wing, left (181287)'),
(@GUID+081, 47858, 0.0, 'Naxxramas - Frozen Rune - Plague Wing, left (181287)'),
(@GUID+082, 47858, 0.0, 'Naxxramas - Frozen Rune - Plague Wing, left (181287)'),
(@GUID+083, 47858, 0.0, 'Naxxramas - Frozen Rune - Plague Wing, left (181287)'),
(@GUID+084, 47858, 0.0, 'Naxxramas - Frozen Rune - Plague Wing, left (181287)'),
(@GUID+085, 47858, 0.0, 'Naxxramas - Frozen Rune - Plague Wing, left (181287)'),
(@GUID+090, 47859, 0.0, 'Naxxramas - Frozen Rune - Plague Wing, right (181287)'),
(@GUID+091, 47859, 0.0, 'Naxxramas - Frozen Rune - Plague Wing, right (181287)'),
(@GUID+092, 47859, 0.0, 'Naxxramas - Frozen Rune - Plague Wing, right (181287)'),
(@GUID+093, 47859, 0.0, 'Naxxramas - Frozen Rune - Plague Wing, right (181287)'),
(@GUID+094, 47859, 0.0, 'Naxxramas - Frozen Rune - Plague Wing, right (181287)'),
(@GUID+095, 47859, 0.0, 'Naxxramas - Frozen Rune - Plague Wing, right (181287)'),
(@GUID+096, 47859, 0.0, 'Naxxramas - Frozen Rune - Plague Wing, right (181287)'),
(@GUID+100, 47860, 0.0, 'Naxxramas - Frozen Rune - Patchwerk (181287)'),
(@GUID+101, 47860, 0.0, 'Naxxramas - Frozen Rune - Patchwerk (181287)'),
(@GUID+102, 47860, 0.0, 'Naxxramas - Frozen Rune - Patchwerk (181287)'),
(@GUID+103, 47860, 0.0, 'Naxxramas - Frozen Rune - Patchwerk (181287)'),
(@GUID+104, 47860, 0.0, 'Naxxramas - Frozen Rune - Patchwerk (181287)'),
(@GUID+110, 47861, 0.0, 'Naxxramas - Frozen Rune - Grobbulus (181287)'),
(@GUID+111, 47861, 0.0, 'Naxxramas - Frozen Rune - Grobbulus (181287)'),
(@GUID+112, 47861, 0.0, 'Naxxramas - Frozen Rune - Grobbulus (181287)'),
(@GUID+113, 47861, 0.0, 'Naxxramas - Frozen Rune - Grobbulus (181287)'),
(@GUID+114, 47861, 0.0, 'Naxxramas - Frozen Rune - Grobbulus (181287)'),
(@GUID+115, 47861, 0.0, 'Naxxramas - Frozen Rune - Grobbulus (181287)'),
(@GUID+116, 47861, 0.0, 'Naxxramas - Frozen Rune - Grobbulus (181287)'),
(@GUID+120, 47862, 0.0, 'Naxxramas - Frozen Rune - Gluth (181287)'),
(@GUID+121, 47862, 0.0, 'Naxxramas - Frozen Rune - Gluth (181287)'),
(@GUID+122, 47862, 0.0, 'Naxxramas - Frozen Rune - Gluth (181287)'),
(@GUID+123, 47862, 0.0, 'Naxxramas - Frozen Rune - Gluth (181287)'),
(@GUID+124, 47862, 0.0, 'Naxxramas - Frozen Rune - Gluth (181287)'),
(@GUID+125, 47862, 0.0, 'Naxxramas - Frozen Rune - Gluth (181287)'),
(@GUID+126, 47862, 0.0, 'Naxxramas - Frozen Rune - Gluth (181287)'),
(@GUID+127, 47862, 0.0, 'Naxxramas - Frozen Rune - Gluth (181287)'),
(@GUID+128, 47862, 0.0, 'Naxxramas - Frozen Rune - Gluth (181287)'),
(@GUID+129, 47862, 0.0, 'Naxxramas - Frozen Rune - Gluth (181287)'),
(@GUID+130, 47863, 0.0, 'Naxxramas - Frozen Rune - Thaddius (181287)'),
(@GUID+131, 47863, 0.0, 'Naxxramas - Frozen Rune - Thaddius (181287)'),
(@GUID+132, 47863, 0.0, 'Naxxramas - Frozen Rune - Thaddius (181287)'),
(@GUID+140, 47864, 0.0, 'Naxxramas - Frozen Rune - Abom Wing, left (181287)'),
(@GUID+141, 47864, 0.0, 'Naxxramas - Frozen Rune - Abom Wing, left (181287)'),
(@GUID+142, 47864, 0.0, 'Naxxramas - Frozen Rune - Abom Wing, left (181287)'),
(@GUID+143, 47864, 0.0, 'Naxxramas - Frozen Rune - Abom Wing, left (181287)'),
(@GUID+144, 47864, 0.0, 'Naxxramas - Frozen Rune - Abom Wing, left (181287)'),
(@GUID+145, 47864, 0.0, 'Naxxramas - Frozen Rune - Abom Wing, left (181287)'),
(@GUID+146, 47864, 0.0, 'Naxxramas - Frozen Rune - Abom Wing, left (181287)'),
(@GUID+147, 47864, 0.0, 'Naxxramas - Frozen Rune - Abom Wing, left (181287)'),
(@GUID+150, 47865, 0.0, 'Naxxramas - Frozen Rune - Abom Wing, right (181287)'),
(@GUID+151, 47865, 0.0, 'Naxxramas - Frozen Rune - Abom Wing, right (181287)'),
(@GUID+152, 47865, 0.0, 'Naxxramas - Frozen Rune - Abom Wing, right (181287)'),
(@GUID+153, 47865, 0.0, 'Naxxramas - Frozen Rune - Abom Wing, right (181287)'),
(@GUID+154, 47865, 0.0, 'Naxxramas - Frozen Rune - Abom Wing, right (181287)'),
(@GUID+155, 47865, 0.0, 'Naxxramas - Frozen Rune - Abom Wing, right (181287)'),
(@GUID+156, 47865, 0.0, 'Naxxramas - Frozen Rune - Abom Wing, right (181287)'),
(@GUID+157, 47865, 0.0, 'Naxxramas - Frozen Rune - Abom Wing, right (181287)'),
(@GUID+160, 47866, 0.0, 'Naxxramas - Frozen Rune - Instructor Razuvious (181287)'),
(@GUID+161, 47866, 0.0, 'Naxxramas - Frozen Rune - Instructor Razuvious (181287)'),
(@GUID+162, 47866, 0.0, 'Naxxramas - Frozen Rune - Instructor Razuvious (181287)'),
(@GUID+163, 47866, 0.0, 'Naxxramas - Frozen Rune - Instructor Razuvious (181287)'),
(@GUID+164, 47866, 0.0, 'Naxxramas - Frozen Rune - Instructor Razuvious (181287)'),
(@GUID+165, 47866, 0.0, 'Naxxramas - Frozen Rune - Instructor Razuvious (181287)'),
(@GUID+170, 47867, 0.0, 'Naxxramas - Frozen Rune - Gothik (181287)'),
(@GUID+171, 47867, 0.0, 'Naxxramas - Frozen Rune - Gothik (181287)'),
(@GUID+172, 47867, 0.0, 'Naxxramas - Frozen Rune - Gothik (181287)'),
(@GUID+173, 47867, 0.0, 'Naxxramas - Frozen Rune - Gothik (181287)'),
(@GUID+174, 47867, 0.0, 'Naxxramas - Frozen Rune - Gothik (181287)'),
(@GUID+175, 47867, 0.0, 'Naxxramas - Frozen Rune - Gothik (181287)'),
(@GUID+176, 47867, 0.0, 'Naxxramas - Frozen Rune - Gothik (181287)'),
(@GUID+177, 47867, 0.0, 'Naxxramas - Frozen Rune - Gothik (181287)'),
(@GUID+180, 47868, 0.0, 'Naxxramas - Frozen Rune - Four Horsemen (181287)'),
(@GUID+181, 47868, 0.0, 'Naxxramas - Frozen Rune - Four Horsemen (181287)'),
(@GUID+182, 47868, 0.0, 'Naxxramas - Frozen Rune - Four Horsemen (181287)'),
(@GUID+183, 47868, 0.0, 'Naxxramas - Frozen Rune - Four Horsemen (181287)'),
(@GUID+184, 47868, 0.0, 'Naxxramas - Frozen Rune - Four Horsemen (181287)'),
(@GUID+185, 47868, 0.0, 'Naxxramas - Frozen Rune - Four Horsemen (181287)'),
(@GUID+186, 47868, 0.0, 'Naxxramas - Frozen Rune - Four Horsemen (181287)'),
(@GUID+187, 47868, 0.0, 'Naxxramas - Frozen Rune - Four Horsemen (181287)'),
(@GUID+190, 47869, 0.0, 'Naxxramas - Frozen Rune - Deathknight Wing, left (181287)'),
(@GUID+191, 47869, 0.0, 'Naxxramas - Frozen Rune - Deathknight Wing, left (181287)'),
(@GUID+192, 47869, 0.0, 'Naxxramas - Frozen Rune - Deathknight Wing, left (181287)'),
(@GUID+193, 47869, 0.0, 'Naxxramas - Frozen Rune - Deathknight Wing, left (181287)'),
(@GUID+194, 47869, 0.0, 'Naxxramas - Frozen Rune - Deathknight Wing, left (181287)'),
(@GUID+195, 47869, 0.0, 'Naxxramas - Frozen Rune - Deathknight Wing, left (181287)'),
(@GUID+196, 47869, 0.0, 'Naxxramas - Frozen Rune - Deathknight Wing, left (181287)'),
(@GUID+200, 47870, 0.0, 'Naxxramas - Frozen Rune - Deathknight Wing, right (181287)'),
(@GUID+201, 47870, 0.0, 'Naxxramas - Frozen Rune - Deathknight Wing, right (181287)'),
(@GUID+202, 47870, 0.0, 'Naxxramas - Frozen Rune - Deathknight Wing, right (181287)'),
(@GUID+203, 47870, 0.0, 'Naxxramas - Frozen Rune - Deathknight Wing, right (181287)'),
(@GUID+204, 47870, 0.0, 'Naxxramas - Frozen Rune - Deathknight Wing, right (181287)'),
(@GUID+205, 47870, 0.0, 'Naxxramas - Frozen Rune - Deathknight Wing, right (181287)'),
(@GUID+206, 47870, 0.0, 'Naxxramas - Frozen Rune - Deathknight Wing, right (181287)'),
(@GUID+207, 47870, 0.0, 'Naxxramas - Frozen Rune - Deathknight Wing, right (181287)'),
(@GUID+208, 47870, 0.0, 'Naxxramas - Frozen Rune - Deathknight Wing, right (181287)');

DELETE FROM `gameobject` WHERE `guid` IN
(@GUID+000, @GUID+001, @GUID+002, @GUID+003, @GUID+004, @GUID+005, @GUID+006, @GUID+007, @GUID+010, @GUID+011,
@GUID+012, @GUID+013, @GUID+014, @GUID+015, @GUID+016, @GUID+020, @GUID+021, @GUID+022, @GUID+023, @GUID+024,
@GUID+025, @GUID+026, @GUID+030, @GUID+031, @GUID+032, @GUID+033, @GUID+034, @GUID+035, @GUID+036, @GUID+040,
@GUID+041, @GUID+042, @GUID+043, @GUID+044, @GUID+045, @GUID+046, @GUID+050, @GUID+051, @GUID+052, @GUID+053,
@GUID+054, @GUID+055, @GUID+060, @GUID+061, @GUID+062, @GUID+063, @GUID+064, @GUID+065, @GUID+066, @GUID+067,
@GUID+070, @GUID+071, @GUID+072, @GUID+073, @GUID+074, @GUID+075, @GUID+076, @GUID+080, @GUID+081, @GUID+082,
@GUID+083, @GUID+084, @GUID+085, @GUID+090, @GUID+091, @GUID+092, @GUID+093, @GUID+094, @GUID+095, @GUID+096,
@GUID+100, @GUID+101, @GUID+102, @GUID+103, @GUID+104, @GUID+110, @GUID+111, @GUID+112, @GUID+113, @GUID+114,
@GUID+115, @GUID+116, @GUID+120, @GUID+121, @GUID+122, @GUID+123, @GUID+124, @GUID+125, @GUID+126, @GUID+127,
@GUID+128, @GUID+129, @GUID+130, @GUID+131, @GUID+132, @GUID+140, @GUID+141, @GUID+142, @GUID+143, @GUID+144,
@GUID+145, @GUID+146, @GUID+147, @GUID+150, @GUID+151, @GUID+152, @GUID+153, @GUID+154, @GUID+155, @GUID+156,
@GUID+157, @GUID+160, @GUID+161, @GUID+162, @GUID+163, @GUID+164, @GUID+165, @GUID+170, @GUID+171, @GUID+172,
@GUID+173, @GUID+174, @GUID+175, @GUID+176, @GUID+177, @GUID+180, @GUID+181, @GUID+182, @GUID+183, @GUID+184,
@GUID+185, @GUID+186, @GUID+187, @GUID+190, @GUID+191, @GUID+192, @GUID+193, @GUID+194, @GUID+195, @GUID+196,
@GUID+200, @GUID+201, @GUID+202, @GUID+203, @GUID+204, @GUID+205, @GUID+206, @GUID+207, @GUID+208);

INSERT INTO `gameobject` (`guid`, `id`, `map`, `zoneId`, `areaId`, `spawnMask`, `phaseMask`, `position_x`, `position_y`, `position_z`, `orientation`, `rotation0`, `rotation1`, `rotation2`, `rotation3`, `spawntimesecs`, `animprogress`, `state`, `ScriptName`, `VerifiedBuild`) VALUES
(@GUID+150, 181287, 533, 0, 0, 2, 1, 3430.49, -3195.66, 297.557, 4.72984, 0.0, 0.0, -0.700909, 0.713251, 604800, 100, 1, '', 0),
(@GUID+147, 181287, 533, 0, 0, 2, 1, 3254.53, -2964.99, 298.207, 0.0174525, 0.0, 0.0, 0.00872612, 0.999962, 604800, 100, 1, '', 0),
(@GUID+146, 181287, 533, 0, 0, 2, 1, 3156.22, -2963.77, 271.041, 3.14159, 0.0, 0.0, -1.0, 0.0, 604800, 100, 1, '', 0),
(@GUID+145, 181287, 533, 0, 0, 2, 1, 3166.93, -3007.22, 270.408, 0.0, 0.0, 0.0, 0.0, 1.0, 604800, 100, 1, '', 0),
(@GUID+144, 181287, 533, 0, 0, 2, 1, 3254.56, -3009.36, 298.265, 0.0349062, 0.0, 0.0, 0.0174522, 0.999848, 604800, 100, 1, '', 0),
(@GUID+143, 181287, 533, 0, 0, 2, 1, 3334.26, -3040.61, 298.125, 2.37364, 0.0, 0.0, 0.927183, 0.374608, 604800, 100, 1, '', 0),
(@GUID+142, 181287, 533, 0, 0, 2, 1, 3156.22, -3007.15, 270.466, 3.10665, 0.0, 0.0, 0.999847, 0.0174693, 604800, 100, 1, '', 0),
(@GUID+141, 181287, 533, 0, 0, 2, 1, 3243.76, -3008.71, 298.083, 3.14159, 0.0, 0.0, -1.0, 0.0, 604800, 100, 1, '', 0),
(@GUID+140, 181287, 533, 0, 0, 2, 1, 3243.76, -2963.55, 297.977, 3.14159, 0.0, 0.0, -1.0, 0.0, 604800, 100, 1, '', 0),
(@GUID+132, 181287, 533, 0, 0, 2, 1, 3416.93, -2924.5, 313.646, 5.53269, 0.0, 0.0, -0.366501, 0.930418, 604800, 100, 1, '', 0),
(@GUID+131, 181287, 533, 0, 0, 2, 1, 3516.1, -3022.03, 313.752, 2.37364, 0.0, 0.0, 0.927183, 0.374608, 604800, 100, 1, '', 0),
(@GUID+130, 181287, 533, 0, 0, 2, 1, 3440.38, -2901.05, 313.888, 5.51524, 0.0, 0.0, -0.374606, 0.927184, 604800, 100, 1, '', 0),
(@GUID+129, 181287, 533, 0, 0, 2, 1, 3343.97, -3141.59, 300.261, 2.77507, 0.0, 0.0, 0.983254, 0.182238, 604800, 100, 1, '', 0),
(@GUID+128, 181287, 533, 0, 0, 2, 1, 3337.19, -3201.46, 299.871, 3.15906, 0.0, 0.0, -0.999962, 0.00873464, 604800, 100, 1, '', 0),
(@GUID+127, 181287, 533, 0, 0, 2, 1, 3260.09, -3200.51, 301.307, 0.837757, 0.0, 0.0, 0.406736, 0.913546, 604800, 100, 1, '', 0),
(@GUID+126, 181287, 533, 0, 0, 2, 1, 3310.23, -3209.14, 299.966, 1.53589, 0.0, 0.0, 0.694658, 0.71934, 604800, 100, 1, '', 0),
(@GUID+125, 181287, 533, 0, 0, 2, 1, 3294.19, -3098.07, 300.411, 5.11382, 0.0, 0.0, -0.551936, 0.833886, 604800, 100, 1, '', 0),
(@GUID+124, 181287, 533, 0, 0, 2, 1, 3231.03, -3145.4, 300.419, 6.26573, 0.0, 0.0, -0.00872612, 0.999962, 604800, 100, 1, '', 0),
(@GUID+123, 181287, 533, 0, 0, 2, 1, 3239.83, -3102.96, 299.532, 4.76475, 0.0, 0.0, -0.688354, 0.725374, 604800, 100, 1, '', 0),
(@GUID+122, 181287, 533, 0, 0, 2, 1, 3325.56, -3091.36, 299.644, 3.94445, 0.0, 0.0, -0.920505, 0.390732, 604800, 100, 1, '', 0),
(@GUID+121, 181287, 533, 0, 0, 2, 1, 3235.43, -3175.96, 300.545, 0.785397, 0.0, 0.0, 0.382683, 0.92388, 604800, 100, 1, '', 0),
(@GUID+120, 181287, 533, 0, 0, 2, 1, 3349.23, -3115.05, 299.882, 3.94445, 0.0, 0.0, -0.920505, 0.390732, 604800, 100, 1, '', 0),
(@GUID+116, 181287, 533, 0, 0, 2, 1, 3262.19, -3365.04, 296.434, 1.65806, 0.0, 0.0, 0.737277, 0.675591, 604800, 100, 1, '', 0),
(@GUID+115, 181287, 533, 0, 0, 2, 1, 3217.54, -3256.48, 296.251, 4.66003, 0.0, 0.0, -0.725374, 0.688355, 604800, 100, 1, '', 0),
(@GUID+114, 181287, 533, 0, 0, 2, 1, 3209.32, -3376.95, 295.183, 1.6057, 0.0, 0.0, 0.719339, 0.694659, 604800, 100, 1, '', 0),
(@GUID+113, 181287, 533, 0, 0, 2, 1, 3291.95, -3365.12, 295.712, 1.43117, 0.0, 0.0, 0.656058, 0.75471, 604800, 100, 1, '', 0),
(@GUID+112, 181287, 533, 0, 0, 2, 1, 3272.69, -3256.38, 296.297, 4.7473, 0.0, 0.0, -0.694658, 0.71934, 604800, 100, 1, '', 0),
(@GUID+111, 181287, 533, 0, 0, 2, 1, 3354.0, -3311.42, 295.918, 3.17653, 0.0, 0.0, -0.999847, 0.0174693, 604800, 100, 1, '', 0),
(@GUID+110, 181287, 533, 0, 0, 2, 1, 3238.44, -3256.44, 296.878, 4.72984, 0.0, 0.0, -0.700909, 0.713251, 604800, 100, 1, '', 0),
(@GUID+104, 181287, 533, 0, 0, 2, 1, 3030.64, -3088.66, 295.943, 5.39307, 0.0, 0.0, -0.430511, 0.902586, 604800, 100, 1, '', 0),
(@GUID+103, 181287, 533, 0, 0, 2, 1, 3070.69, -3060.77, 296.538, 5.13127, 0.0, 0.0, -0.544639, 0.838671, 604800, 100, 1, '', 0),
(@GUID+102, 181287, 533, 0, 0, 2, 1, 3134.84, -3111.73, 296.046, 3.08918, 0.0, 0.0, 0.999657, 0.0262016, 604800, 100, 1, '', 0),
(@GUID+101, 181287, 533, 0, 0, 2, 1, 3133.98, -3081.41, 295.788, 3.28124, 0.0, 0.0, -0.997563, 0.0697661, 604800, 100, 1, '', 0),
(@GUID+100, 181287, 533, 0, 0, 2, 1, 3004.56, -3116.67, 295.862, 5.84685, 0.0, 0.0, -0.216439, 0.976296, 604800, 100, 1, '', 0),
(@GUID+096, 181287, 533, 0, 0, 2, 1, 2534.07, -3673.03, 297.744, 1.5708, 0.0, 0.0, 0.707107, 0.707107, 604800, 100, 1, '', 0),
(@GUID+095, 181287, 533, 0, 0, 2, 1, 2579.06, -3795.72, 297.584, 2.33874, 0.0, 0.0, 0.920505, 0.390732, 604800, 100, 1, '', 0),
(@GUID+094, 181287, 533, 0, 0, 2, 1, 2577.11, -3596.2, 270.465, 4.72984, 0.0, 0.0, -0.700909, 0.713251, 604800, 100, 1, '', 0),
(@GUID+093, 181287, 533, 0, 0, 2, 1, 2611.22, -3763.56, 297.585, 2.33874, 0.0, 0.0, 0.920505, 0.390732, 604800, 100, 1, '', 0),
(@GUID+092, 181287, 533, 0, 0, 2, 1, 2535.51, -3683.78, 297.495, 4.67748, 0.0, 0.0, -0.719339, 0.694659, 604800, 100, 1, '', 0),
(@GUID+091, 181287, 533, 0, 0, 2, 1, 2578.57, -3585.44, 270.532, 1.53589, 0.0, 0.0, 0.694658, 0.71934, 604800, 100, 1, '', 0),
(@GUID+090, 181287, 533, 0, 0, 2, 1, 2579.41, -3683.78, 297.596, 4.69494, 0.0, 0.0, -0.71325, 0.70091, 604800, 100, 1, '', 0),
(@GUID+085, 181287, 533, 0, 0, 2, 1, 2766.28, -3905.53, 297.383, 0.0, 0.0, 0.0, 0.0, 1.0, 604800, 100, 1, '', 0),
(@GUID+084, 181287, 533, 0, 0, 2, 1, 2645.26, -3858.63, 296.864, 5.46288, 0.0, 0.0, -0.398748, 0.91706, 604800, 100, 1, '', 0),
(@GUID+083, 181287, 533, 0, 0, 2, 1, 2755.53, -3860.9, 298.147, 3.12412, 0.0, 0.0, 0.999962, 0.00873464, 604800, 100, 1, '', 0),
(@GUID+082, 181287, 533, 0, 0, 2, 1, 2637.66, -3851.02, 297.7, 2.40855, 0.0, 0.0, 0.93358, 0.358368, 604800, 100, 1, '', 0),
(@GUID+081, 181287, 533, 0, 0, 2, 1, 2675.73, -3828.16, 297.674, 5.49779, 0.0, 0.0, -0.382683, 0.92388, 604800, 100, 1, '', 0),
(@GUID+080, 181287, 533, 0, 0, 2, 1, 2668.62, -3820.06, 297.702, 2.37364, 0.0, 0.0, 0.927183, 0.374608, 604800, 100, 1, '', 0),
(@GUID+076, 181287, 533, 0, 0, 2, 1, 2888.6, -3957.09, 275.524, 5.34071, 0.0, 0.0, -0.45399, 0.891007, 604800, 100, 1, '', 0),
(@GUID+075, 181287, 533, 0, 0, 2, 1, 2925.2, -4041.45, 275.654, 1.90241, 0.0, 0.0, 0.814116, 0.580703, 604800, 100, 1, '', 0),
(@GUID+074, 181287, 533, 0, 0, 2, 1, 2861.64, -3984.12, 275.077, 6.02139, 0.0, 0.0, -0.130526, 0.991445, 604800, 100, 1, '', 0),
(@GUID+073, 181287, 533, 0, 0, 2, 1, 2869.52, -4020.8, 275.707, 0.541051, 0.0, 0.0, 0.267238, 0.963631, 604800, 100, 1, '', 0),
(@GUID+072, 181287, 533, 0, 0, 2, 1, 2925.51, -3949.61, 275.517, 4.38078, 0.0, 0.0, -0.814116, 0.580703, 604800, 100, 1, '', 0),
(@GUID+071, 181287, 533, 0, 0, 2, 1, 2952.02, -3977.35, 274.988, 3.927, 0.0, 0.0, -0.923879, 0.382686, 604800, 100, 1, '', 0),
(@GUID+070, 181287, 533, 0, 0, 2, 1, 2893.35, -4041.45, 274.809, 1.22173, 0.0, 0.0, 0.573576, 0.819152, 604800, 100, 1, '', 0),
(@GUID+067, 181287, 533, 0, 0, 2, 1, 2727.85, -3679.01, 275.309, 6.23083, 0.0, 0.0, -0.0261765, 0.999657, 604800, 100, 1, '', 0),
(@GUID+066, 181287, 533, 0, 0, 2, 1, 2734.94, -3660.31, 275.164, 5.48033, 0.0, 0.0, -0.390731, 0.920505, 604800, 100, 1, '', 0),
(@GUID+065, 181287, 533, 0, 0, 2, 1, 2793.47, -3645.76, 274.88, 3.99681, 0.0, 0.0, -0.909961, 0.414694, 604800, 100, 1, '', 0),
(@GUID+064, 181287, 533, 0, 0, 2, 1, 2812.14, -3664.16, 274.684, 3.97935, 0.0, 0.0, -0.913545, 0.406738, 604800, 100, 1, '', 0),
(@GUID+063, 181287, 533, 0, 0, 2, 1, 2751.81, -3727.05, 274.773, 0.802851, 0.0, 0.0, 0.390731, 0.920505, 604800, 100, 1, '', 0),
(@GUID+062, 181287, 533, 0, 0, 2, 1, 2790.21, -3727.97, 274.925, 2.44346, 0.0, 0.0, 0.939692, 0.34202, 604800, 100, 1, '', 0),
(@GUID+061, 181287, 533, 0, 0, 2, 1, 2813.58, -3703.97, 275.578, 2.49582, 0.0, 0.0, 0.948323, 0.317306, 604800, 100, 1, '', 0),
(@GUID+060, 181287, 533, 0, 0, 2, 1, 2754.61, -3641.24, 274.503, 4.72984, 0.0, 0.0, -0.700909, 0.713251, 604800, 100, 1, '', 0),
(@GUID+055, 181287, 533, 0, 0, 2, 1, 2653.39, -3551.61, 263.881, 1.64061, 0.0, 0.0, 0.731353, 0.681999, 604800, 100, 1, '', 0),
(@GUID+054, 181287, 533, 0, 0, 2, 1, 2639.67, -3494.81, 263.271, 0.087266, 0.0, 0.0, 0.0436192, 0.999048, 604800, 100, 1, '', 0),
(@GUID+053, 181287, 533, 0, 0, 2, 1, 2693.59, -3455.14, 263.699, 4.69494, 0.0, 0.0, -0.71325, 0.70091, 604800, 100, 1, '', 0),
(@GUID+052, 181287, 533, 0, 0, 2, 1, 2639.68, -3510.72, 263.052, 0.0, 0.0, 0.0, 0.0, 1.0, 604800, 100, 1, '', 0),
(@GUID+051, 181287, 533, 0, 0, 2, 1, 2722.43, -3455.17, 263.251, 4.72984, 0.0, 0.0, -0.700909, 0.713251, 604800, 100, 1, '', 0),
(@GUID+050, 181287, 533, 0, 0, 2, 1, 2712.87, -3551.62, 263.063, 1.55334, 0.0, 0.0, 0.700909, 0.713251, 604800, 100, 1, '', 0),
(@GUID+046, 181287, 533, 0, 0, 2, 1, 3341.95, -3820.65, 297.335, 0.837757, 0.0, 0.0, 0.406736, 0.913546, 604800, 100, 1, '', 0),
(@GUID+045, 181287, 533, 0, 0, 2, 1, 3166.87, -3904.34, 271.091, 0.0, 0.0, 0.0, 0.0, 1.0, 604800, 100, 1, '', 0),
(@GUID+153, 181287, 533, 0, 0, 2, 1, 3429.71, -3074.22, 297.616, 5.55015, 0.0, 0.0, -0.358368, 0.93358, 604800, 100, 1, '', 0),
(@GUID+152, 181287, 533, 0, 0, 2, 1, 3431.5, -3272.49, 270.195, 1.5708, 0.0, 0.0, 0.707107, 0.707107, 604800, 100, 1, '', 0),
(@GUID+151, 181287, 533, 0, 0, 2, 1, 3431.17, -3184.86, 297.859, 1.55334, 0.0, 0.0, 0.700909, 0.713251, 604800, 100, 1, '', 0),
(@GUID+044, 181287, 533, 0, 0, 2, 1, 3156.12, -3903.78, 270.958, 3.14159, 0.0, 0.0, -1.0, 0.0, 604800, 100, 1, '', 0),
(@GUID+043, 181287, 533, 0, 0, 2, 1, 3156.12, -3860.38, 270.901, 3.17653, 0.0, 0.0, -0.999847, 0.0174693, 604800, 100, 1, '', 0),
(@GUID+042, 181287, 533, 0, 0, 2, 1, 3166.87, -3860.77, 271.062, 0.0, 0.0, 0.0, 0.0, 1.0, 604800, 100, 1, '', 0),
(@GUID+041, 181287, 533, 0, 0, 2, 1, 3254.46, -3860.0, 297.65, 0.0, 0.0, 0.0, 0.0, 1.0, 604800, 100, 1, '', 0),
(@GUID+040, 181287, 533, 0, 0, 2, 1, 3243.7, -3906.62, 297.851, 3.15906, 0.0, 0.0, -0.999962, 0.00873464, 604800, 100, 1, '', 0),
(@GUID+036, 181287, 533, 0, 0, 2, 1, 3477.5, -3596.25, 271.347, 4.76475, 0.0, 0.0, -0.688354, 0.725374, 604800, 100, 1, '', 0),
(@GUID+035, 181287, 533, 0, 0, 2, 1, 3430.95, -3596.25, 270.809, 4.76475, 0.0, 0.0, -0.688354, 0.725374, 604800, 100, 1, '', 0),
(@GUID+034, 181287, 533, 0, 0, 2, 1, 3429.4, -3794.21, 298.379, 0.785397, 0.0, 0.0, 0.382683, 0.92388, 604800, 100, 1, '', 0),
(@GUID+033, 181287, 533, 0, 0, 2, 1, 3475.25, -3673.08, 297.206, 1.55334, 0.0, 0.0, 0.700909, 0.713251, 604800, 100, 1, '', 0),
(@GUID+032, 181287, 533, 0, 0, 2, 1, 3475.76, -3585.5, 270.247, 1.53589, 0.0, 0.0, 0.694658, 0.71934, 604800, 100, 1, '', 0),
(@GUID+031, 181287, 533, 0, 0, 2, 1, 3475.87, -3683.84, 298.079, 4.72984, 0.0, 0.0, -0.700909, 0.713251, 604800, 100, 1, '', 0),
(@GUID+030, 181287, 533, 0, 0, 2, 1, 3432.27, -3683.84, 298.252, 4.72984, 0.0, 0.0, -0.700909, 0.713251, 604800, 100, 1, '', 0),
(@GUID+026, 181287, 533, 0, 0, 2, 1, 3540.13, -3939.25, 311.449, 2.16421, 0.0, 0.0, 0.882947, 0.469473, 604800, 100, 1, '', 0),
(@GUID+025, 181287, 533, 0, 0, 2, 1, 3468.27, -3842.58, 309.842, 5.39307, 0.0, 0.0, -0.430511, 0.902586, 604800, 100, 1, '', 0),
(@GUID+024, 181287, 533, 0, 0, 2, 1, 3555.52, -3863.91, 298.811, 3.59538, 0.0, 0.0, -0.97437, 0.224951, 604800, 100, 1, '', 0),
(@GUID+023, 181287, 533, 0, 0, 2, 1, 3523.83, -3836.26, 303.563, 4.36332, 0.0, 0.0, -0.819152, 0.573577, 604800, 100, 1, '', 0),
(@GUID+022, 181287, 533, 0, 0, 2, 1, 3468.85, -3942.8, 308.034, 0.977383, 0.0, 0.0, 0.469471, 0.882948, 604800, 100, 1, '', 0),
(@GUID+021, 181287, 533, 0, 0, 2, 1, 3442.84, -3903.16, 309.609, 0.226892, 0.0, 0.0, 0.113203, 0.993572, 604800, 100, 1, '', 0),
(@GUID+020, 181287, 533, 0, 0, 2, 1, 3558.18, -3914.61, 304.42, 2.68781, 0.0, 0.0, 0.97437, 0.224951, 604800, 100, 1, '', 0),
(@GUID+016, 181287, 533, 0, 0, 2, 1, 3311.65, -3673.9, 262.284, 6.0912, 0.0, 0.0, -0.0958452, 0.995396, 604800, 100, 1, '', 0),
(@GUID+015, 181287, 533, 0, 0, 2, 1, 3345.64, -3711.01, 262.596, 1.5708, 0.0, 0.0, 0.707107, 0.707107, 604800, 100, 1, '', 0),
(@GUID+014, 181287, 533, 0, 0, 2, 1, 3396.45, -3679.86, 261.582, 3.3685, 0.0, 0.0, -0.993571, 0.113208, 604800, 100, 1, '', 0),
(@GUID+013, 181287, 533, 0, 0, 2, 1, 3383.49, -3631.96, 260.801, 3.4383, 0.0, 0.0, -0.989016, 0.147811, 604800, 100, 1, '', 0),
(@GUID+012, 181287, 533, 0, 0, 2, 1, 3383.0, -3710.67, 261.945, 1.69297, 0.0, 0.0, 0.748956, 0.66262, 604800, 100, 1, '', 0),
(@GUID+011, 181287, 533, 0, 0, 2, 1, 3333.51, -3599.68, 262.448, 5.3058, 0.0, 0.0, -0.469471, 0.882948, 604800, 100, 1, '', 0),
(@GUID+010, 181287, 533, 0, 0, 2, 1, 3322.82, -3632.23, 260.805, 6.12611, 0.0, 0.0, -0.0784588, 0.996917, 604800, 100, 1, '', 0),
(@GUID+007, 181287, 533, 0, 0, 2, 1, 3276.74, -3421.71, 288.405, 4.57276, 0.0, 0.0, -0.754709, 0.656059, 604800, 100, 1, '', 0),
(@GUID+006, 181287, 533, 0, 0, 2, 1, 3275.86, -3530.56, 288.421, 1.88495, 0.0, 0.0, 0.809016, 0.587786, 604800, 100, 1, '', 0),
(@GUID+005, 181287, 533, 0, 0, 2, 1, 3236.94, -3516.27, 288.1, 1.02974, 0.0, 0.0, 0.492423, 0.870356, 604800, 100, 1, '', 0),
(@GUID+004, 181287, 533, 0, 0, 2, 1, 3333.69, -3462.84, 288.247, 4.67748, 0.0, 0.0, -0.719339, 0.694659, 604800, 100, 1, '', 0),
(@GUID+003, 181287, 533, 0, 0, 2, 1, 3311.35, -3516.08, 288.574, 1.90241, 0.0, 0.0, 0.814116, 0.580703, 604800, 100, 1, '', 0),
(@GUID+002, 181287, 533, 0, 0, 2, 1, 3233.28, -3512.47, 288.327, 0.610863, 0.0, 0.0, 0.300705, 0.953717, 604800, 100, 1, '', 0),
(@GUID+001, 181287, 533, 0, 0, 2, 1, 3237.8, -3435.47, 288.58, 5.42797, 0.0, 0.0, -0.414693, 0.909961, 604800, 100, 1, '', 0),
(@GUID+000, 181287, 533, 0, 0, 2, 1, 3233.85, -3439.01, 288.469, 5.70723, 0.0, 0.0, -0.284015, 0.95882, 604800, 100, 1, '', 0),
(@GUID+154, 181287, 533, 0, 0, 2, 1, 3398.94, -3104.99, 297.927, 5.53269, 0.0, 0.0, -0.366501, 0.930418, 604800, 100, 1, '', 0),
(@GUID+155, 181287, 533, 0, 0, 2, 1, 3476.48, -3283.2, 270.716, 4.76475, 0.0, 0.0, -0.688354, 0.725374, 604800, 100, 1, '', 0),
(@GUID+156, 181287, 533, 0, 0, 2, 1, 3475.9, -3184.91, 297.691, 1.5708, 0.0, 0.0, 0.707107, 0.707107, 604800, 100, 1, '', 0),
(@GUID+157, 181287, 533, 0, 0, 2, 1, 3363.88, -3011.0, 298.441, 2.33874, 0.0, 0.0, 0.920505, 0.390732, 604800, 100, 1, '', 0),
(@GUID+160, 181287, 533, 0, 0, 2, 1, 2800.19, -3084.99, 270.163, 3.14159, 0.0, 0.0, -1.0, 0.0, 604800, 100, 1, '', 0),
(@GUID+161, 181287, 533, 0, 0, 2, 1, 2800.21, -3113.43, 270.135, 3.26377, 0.0, 0.0, -0.998135, 0.0610518, 604800, 100, 1, '', 0),
(@GUID+162, 181287, 533, 0, 0, 2, 1, 2784.2, -3067.59, 270.159, 4.27606, 0.0, 0.0, -0.843391, 0.5373, 604800, 100, 1, '', 0),
(@GUID+163, 181287, 533, 0, 0, 2, 1, 2756.09, -3067.31, 270.317, 5.11382, 0.0, 0.0, -0.551936, 0.833886, 604800, 100, 1, '', 0),
(@GUID+164, 181287, 533, 0, 0, 2, 1, 2744.3, -3122.74, 270.313, 0.750491, 0.0, 0.0, 0.366501, 0.930418, 604800, 100, 1, '', 0),
(@GUID+165, 181287, 533, 0, 0, 2, 1, 2784.01, -3131.33, 270.06, 1.98967, 0.0, 0.0, 0.83867, 0.54464, 604800, 100, 1, '', 0),
(@GUID+170, 181287, 533, 0, 0, 2, 1, 2634.05, -3386.86, 270.203, 6.21337, 0.0, 0.0, -0.0348988, 0.999391, 604800, 100, 1, '', 0),
(@GUID+171, 181287, 533, 0, 0, 2, 1, 2749.94, -3367.39, 269.874, 3.14159, 0.0, 0.0, -1.0, 0.0, 604800, 100, 1, '', 0),
(@GUID+172, 181287, 533, 0, 0, 2, 1, 2652.49, -3433.82, 270.61, 1.39626, 0.0, 0.0, 0.642787, 0.766045, 604800, 100, 1, '', 0),
(@GUID+173, 181287, 533, 0, 0, 2, 1, 2732.03, -3433.68, 270.316, 1.78023, 0.0, 0.0, 0.777145, 0.629321, 604800, 100, 1, '', 0),
(@GUID+174, 181287, 533, 0, 0, 2, 1, 2634.06, -3366.51, 270.017, 0.0, 0.0, 0.0, 0.0, 1.0, 604800, 100, 1, '', 0),
(@GUID+175, 181287, 533, 0, 0, 2, 1, 2702.76, -3434.9, 270.325, 1.6057, 0.0, 0.0, 0.719339, 0.694659, 604800, 100, 1, '', 0),
(@GUID+176, 181287, 533, 0, 0, 2, 1, 2749.92, -3409.18, 269.94, 3.10665, 0.0, 0.0, 0.999847, 0.0174693, 604800, 100, 1, '', 0),
(@GUID+177, 181287, 533, 0, 0, 2, 1, 2679.82, -3434.91, 270.059, 1.5708, 0.0, 0.0, 0.707107, 0.707107, 604800, 100, 1, '', 0),
(@GUID+180, 181287, 533, 0, 0, 2, 1, 2465.86, -2911.24, 244.093, 5.63741, 0.0, 0.0, -0.317305, 0.948324, 604800, 100, 1, '', 0),
(@GUID+181, 181287, 533, 0, 0, 2, 1, 2502.24, -3028.31, 243.712, 0.785397, 0.0, 0.0, 0.382683, 0.92388, 604800, 100, 1, '', 0),
(@GUID+182, 181287, 533, 0, 0, 2, 1, 2496.91, -2881.18, 243.587, 5.37562, 0.0, 0.0, -0.438371, 0.898794, 604800, 100, 1, '', 0),
(@GUID+183, 181287, 533, 0, 0, 2, 1, 2621.74, -2954.45, 243.049, 3.9619, 0.0, 0.0, -0.91706, 0.39875, 604800, 100, 1, '', 0),
(@GUID+184, 181287, 533, 0, 0, 2, 1, 2453.56, -2977.35, 244.228, 0.785397, 0.0, 0.0, 0.382683, 0.92388, 604800, 100, 1, '', 0),
(@GUID+185, 181287, 533, 0, 0, 2, 1, 2548.51, -2883.65, 244.188, 3.927, 0.0, 0.0, -0.923879, 0.382686, 604800, 100, 1, '', 0),
(@GUID+186, 181287, 533, 0, 0, 2, 1, 2602.19, -2935.06, 243.96, 3.927, 0.0, 0.0, -0.923879, 0.382686, 604800, 100, 1, '', 0),
(@GUID+187, 181287, 533, 0, 0, 2, 1, 2451.68, -2926.42, 243.533, 5.67232, 0.0, 0.0, -0.300705, 0.953717, 604800, 100, 1, '', 0),
(@GUID+190, 181287, 533, 0, 0, 2, 1, 2533.32, -3184.85, 243.705, 1.64061, 0.0, 0.0, 0.731353, 0.681999, 604800, 100, 1, '', 0),
(@GUID+191, 181287, 533, 0, 0, 2, 1, 2534.0, -3272.43, 270.528, 1.5708, 0.0, 0.0, 0.707107, 0.707107, 604800, 100, 1, '', 0),
(@GUID+192, 181287, 533, 0, 0, 2, 1, 2620.65, -3099.32, 243.887, 0.785397, 0.0, 0.0, 0.382683, 0.92388, 604800, 100, 1, '', 0),
(@GUID+193, 181287, 533, 0, 0, 2, 1, 2578.55, -3272.43, 271.059, 1.5708, 0.0, 0.0, 0.707107, 0.707107, 604800, 100, 1, '', 0),
(@GUID+194, 181287, 533, 0, 0, 2, 1, 2612.69, -3106.58, 243.4, 3.97935, 0.0, 0.0, -0.913545, 0.406738, 604800, 100, 1, '', 0),
(@GUID+195, 181287, 533, 0, 0, 2, 1, 2579.2, -3195.61, 243.923, 4.76475, 0.0, 0.0, -0.688354, 0.725374, 604800, 100, 1, '', 0),
(@GUID+196, 181287, 533, 0, 0, 2, 1, 2534.56, -3283.19, 270.664, 4.7473, 0.0, 0.0, -0.694658, 0.71934, 604800, 100, 1, '', 0),
(@GUID+200, 181287, 533, 0, 0, 2, 1, 2853.92, -3008.43, 271.274, 6.26573, 0.0, 0.0, -0.00872612, 0.999962, 604800, 100, 1, '', 0),
(@GUID+201, 181287, 533, 0, 0, 2, 1, 2755.58, -2962.93, 243.544, 3.194, 0.0, 0.0, -0.999657, 0.0262016, 604800, 100, 1, '', 0),
(@GUID+202, 181287, 533, 0, 0, 2, 1, 2843.17, -3006.81, 270.595, 3.14159, 0.0, 0.0, -1.0, 0.0, 604800, 100, 1, '', 0),
(@GUID+203, 181287, 533, 0, 0, 2, 1, 2755.58, -3006.16, 244.187, 3.14159, 0.0, 0.0, -1.0, 0.0, 604800, 100, 1, '', 0),
(@GUID+204, 181287, 533, 0, 0, 2, 1, 2843.17, -2963.52, 270.986, 3.14159, 0.0, 0.0, -1.0, 0.0, 604800, 100, 1, '', 0),
(@GUID+205, 181287, 533, 0, 0, 2, 1, 2678.04, -3042.79, 244.451, 0.890117, 0.0, 0.0, 0.430511, 0.902586, 604800, 100, 1, '', 0),
(@GUID+206, 181287, 533, 0, 0, 2, 1, 2853.92, -2964.26, 271.17, 0.0698117, 0.0, 0.0, 0.0348988, 0.999391, 604800, 100, 1, '', 0),
(@GUID+207, 181287, 533, 0, 0, 2, 1, 2766.34, -3007.52, 243.285, 0.104719, 0.0, 0.0, 0.0523357, 0.99863, 604800, 100, 1, '', 0),
(@GUID+208, 181287, 533, 0, 0, 2, 1, 2635.7, -3015.73, 243.351, 3.90954, 0.0, 0.0, -0.927183, 0.374608, 604800, 100, 1, '', 0);

DELETE FROM `pool_template` WHERE `entry` BETWEEN @ENTRY AND @ENTRY+20;
INSERT INTO `pool_template`
(`entry`, `max_limit`, `description`)
VALUES
(@ENTRY+000, 1, 'Naxxramas - Frozen Rune - Anub''Rekhan (181287)'),
(@ENTRY+001, 1, 'Naxxramas - Frozen Rune - Grand Widow Faerlina (181287)'),
(@ENTRY+002, 1, 'Naxxramas - Frozen Rune - Maexxna (181287)'),
(@ENTRY+003, 1, 'Naxxramas - Frozen Rune - Spider Wing, left (181287)'),
(@ENTRY+004, 1, 'Naxxramas - Frozen Rune - Spider Wing, right (181287)'),
(@ENTRY+005, 1, 'Naxxramas - Frozen Rune - Noth the Plaguebringer (181287)'),
(@ENTRY+006, 1, 'Naxxramas - Frozen Rune - Heigan (181287)'),
(@ENTRY+007, 1, 'Naxxramas - Frozen Rune - Loatheb (181287)'),
(@ENTRY+008, 1, 'Naxxramas - Frozen Rune - Plague Wing, left (181287)'),
(@ENTRY+009, 1, 'Naxxramas - Frozen Rune - Plague Wing, right (181287)'),
(@ENTRY+010, 1, 'Naxxramas - Frozen Rune - Patchwerk (181287)'),
(@ENTRY+011, 1, 'Naxxramas - Frozen Rune - Grobbulus (181287)'),
(@ENTRY+012, 1, 'Naxxramas - Frozen Rune - Gluth (181287)'),
(@ENTRY+013, 1, 'Naxxramas - Frozen Rune - Thaddius (181287)'),
(@ENTRY+014, 1, 'Naxxramas - Frozen Rune - Abom Wing, left (181287)'),
(@ENTRY+015, 1, 'Naxxramas - Frozen Rune - Abom Wing, right (181287)'),
(@ENTRY+016, 1, 'Naxxramas - Frozen Rune - Instructor Razuvious (181287)'),
(@ENTRY+017, 1, 'Naxxramas - Frozen Rune - Gothik (181287)'),
(@ENTRY+018, 1, 'Naxxramas - Frozen Rune - Four Horsemen (181287)'),
(@ENTRY+019, 1, 'Naxxramas - Frozen Rune - Deathknight Wing, left (181287)'),
(@ENTRY+020, 1, 'Naxxramas - Frozen Rune - Deathknight Wing, right (181287)');
